Nom;Email;Annee de naissance;Pays
Sebastian;Donec.felis.orci@consectetueripsumnunc.edu;1979;Turkmenistan
Barclay;aliquet.metus.urna@neceleifend.co.uk;2000;Saint Pierre and Miquelon
Vivien;pharetra@a.com;1955;Liechtenstein
Britanney;eu.tellus.Phasellus@arcuvelquam.ca;1961;Philippines
Reese;tortor.dictum.eu@egestasSed.ca;1951;Ethiopia
Keegan;libero.nec@cursuset.co.uk;1998;Greece
Ezekiel;tempus.mauris.erat@aclibero.org;1951;Philippines
Odessa;massa.Quisque.porttitor@felis.net;1925;Mali
Elijah;luctus.vulputate.nisi@nunc.com;1963;Tuvalu
Hilel;lectus.pede.et@aliquetsem.ca;1982;Belgium
Callie;et.euismod.et@aliquetmagnaa.net;1984;Georgia
India;Duis.sit.amet@Phaselluslibero.com;1938;Greenland
Lane;amet@turpis.ca;1922;Belarus
Alexis;sagittis.placerat@nibhdolor.net;1927;Saudi Arabia
Micah;lorem.eget.mollis@SeddictumProin.com;1914;Colombia
Rigel;sollicitudin@eratinconsectetuer.org;1941;United Kingdom (Great Britain)
Avram;tincidunt.vehicula@vulputate.org;1919;Lithuania
Dieter;ornare.lectus.justo@Integeridmagna.org;1937;French Polynesia
Sarah;cubilia.Curae.Phasellus@non.net;1946;Zimbabwe
Graham;elit.Curabitur.sed@maurisIntegersem.edu;1931;Tonga
Daquan;fermentum.convallis.ligula@porttitorinterdum.co.uk;1934;Australia
Nell;purus@lectusconvallisest.org;1997;Comoros
Ocean;ut@Nuncquisarcu.net;2006;Anguilla
Cruz;Aenean.euismod.mauris@idmollisnec.edu;1950;Grenada
Hyacinth;amet@Nunc.edu;1929;Malta
Travis;tincidunt@Utnec.net;1989;Gabon
Shannon;Proin@Nuncmauris.ca;1972;New Caledonia
Delilah;arcu.vel.quam@Donec.org;1939;United States Minor Outlying Islands
Kuame;elit.pretium.et@aliquetodio.com;1943;Cocos (Keeling) Islands
Tate;Nam.ligula.elit@euismodmauris.edu;2006;Côte D'Ivoire (Ivory Coast)
Idona;aliquam.adipiscing.lacus@eulacusQuisque.ca;1913;Sweden
Thor;id@placeratvelitQuisque.com;1999;Malta
Raven;et.malesuada.fames@quis.org;1945;Portugal
Jamal;Mauris.vestibulum.neque@maurisaliquameu.com;1932;Bangladesh
Alisa;Proin@vulputateeu.ca;1927;Vanuatu
Mechelle;gravida@elitEtiam.org;1937;United States Minor Outlying Islands
Martin;mauris.blandit@telluslorem.co.uk;1933;Virgin Islands, United States
Bevis;Cras@dolor.com;1981;Bosnia and Herzegovina
Rudyard;Praesent@Nulla.edu;1990;Cape Verde
Rigel;nibh@sem.ca;1963;French Southern Territories
Clio;eget.volutpat@eu.org;1960;Curaçao
Giacomo;Fusce.mi.lorem@nonummyac.org;2004;Laos
Cyrus;ut.odio@Crasdictumultricies.co.uk;1927;Tuvalu
Medge;neque@justofaucibuslectus.net;1932;Bosnia and Herzegovina
Wing;dui.Suspendisse@Phasellusdolorelit.edu;2005;Maldives
Kermit;amet@pulvinar.ca;1961;Eritrea
Zoe;dictum.cursus.Nunc@adipiscingelit.co.uk;2004;Nepal
Roary;tortor.dictum.eu@Vivamussitamet.com;2004;Antarctica
Azalia;posuere.at@lobortis.co.uk;1953;Italy
Flynn;neque.et@sem.edu;1983;Heard Island and Mcdonald Islands
Samson;magna.a.neque@blanditat.com;1978;Russian Federation
Eve;sodales@Aliquam.org;1950;Costa Rica
Travis;tincidunt@Fusce.net;1924;Ukraine
Celeste;libero@ipsum.edu;1987;Bahamas
Mikayla;Suspendisse.ac.metus@Praesentinterdum.com;1939;Guatemala
TaShya;tristique.pharetra.Quisque@tinciduntnibh.net;1991;Bonaire, Sint Eustatius and Saba
Cailin;consequat.dolor@Vestibulumut.net;1940;Guernsey
Wylie;nunc.est.mollis@loremtristiquealiquet.co.uk;1983;Korea, North
Mufutau;mattis@elitdictumeu.com;2003;Reunion
Dolan;metus.Vivamus@sedfacilisis.com;2005;Bermuda
Brock;consectetuer.rhoncus.Nullam@faucibusid.com;1952;Cameroon
Zeph;dui.nec.tempus@SuspendissesagittisNullam.ca;1946;Iraq
Dorothy;euismod@mollislectuspede.com;1933;Costa Rica
Damian;dictum.eu@lectusconvallis.co.uk;1985;Jersey
Kylan;Nulla@Cumsociisnatoque.org;1990;Vanuatu
Dean;Suspendisse.ac.metus@neque.org;1930;Virgin Islands, British
William;velit@InloremDonec.com;1944;Palau
Alvin;bibendum.ullamcorper.Duis@nequenonquam.edu;1915;Norfolk Island
Ivan;bibendum.sed.est@musProinvel.org;1988;Moldova
Cynthia;eget.lacus.Mauris@dictumeleifendnunc.com;1990;British Indian Ocean Territory
Brady;auctor@eudolor.co.uk;1914;Chad
Cain;ipsum@convallisest.ca;1917;El Salvador
Thor;egestas.a@Suspendisse.edu;1950;Jamaica
Cadman;vitae.risus@malesuada.co.uk;1934;Guinea
Xenos;est@cursusa.edu;1973;Russian Federation
Valentine;ac.risus.Morbi@Morbi.net;1984;Kiribati
Zephania;lacus.Etiam@dapibus.edu;1923;Papua New Guinea
Virginia;Fusce.mi@risusatfringilla.net;1944;United Kingdom (Great Britain)
Desirae;Suspendisse.sed@FuscemollisDuis.edu;1921;British Indian Ocean Territory
Elijah;molestie.tellus.Aenean@duiin.ca;2000;Cook Islands
Colby;suscipit.est.ac@parturientmontes.edu;1917;Curaçao
Zia;sem.egestas.blandit@enimEtiam.ca;2004;Liechtenstein
Charity;Aliquam.ornare@eutemporerat.net;1986;China
Imogene;et.magnis@Maurisnon.edu;1992;Antarctica
Rooney;fringilla.mi.lacinia@CurabiturmassaVestibulum.edu;1955;Japan
Merritt;pretium@tempor.ca;1970;Congo (Brazzaville)
Nigel;metus.In@faucibusutnulla.org;1970;Denmark
Jasper;rhoncus@vestibulumMauris.ca;1972;Saudi Arabia
Jemima;nunc.ac@eratvel.co.uk;2006;Marshall Islands
Hilary;ac@molestiein.co.uk;1986;Honduras
Cara;lobortis.ultrices@nullaanteiaculis.ca;1994;Kiribati
Nathan;eget@ipsumDonec.org;1923;Lithuania
Quinn;consectetuer.cursus.et@odio.edu;1978;Reunion
Porter;bibendum@vehicularisus.ca;2006;Iraq
Damian;felis.orci@lacus.net;1937;Kazakhstan
Xanthus;lobortis.augue@placerataugueSed.org;1957;Lebanon
Amanda;Cras.eu.tellus@Vestibulumuteros.edu;1978;Sudan
Hayes;dis.parturient@acorci.co.uk;1976;Saudi Arabia
Maggy;odio.Etiam.ligula@arcuiaculisenim.co.uk;1929;Saint Helena, Ascension and Tristan da Cunha
Hoyt;nibh@fames.com;1997;Poland
